Parent Account,Unrestricted Account,Restricted Account,Weekly Quota (Hours),Weekly Quota (Minutes)
allenlab,allenlab_h200,allenlab_h200_r,89.6,5376
azhanglab,azhanglab_h200,azhanglab_h200_r,228.5,13710
berchuklab,berchuklab_h200,berchuklab_h200_r,89.6,5376
carlsonlab,carlsonlab_h200,carlsonlab_h200_r,89.6,5376
chenglab,chenglab_h200,chenglab_h200_r,168,10080
chsi,chsi_h200,chsi_h200_r,89.6,5376
dallagolab,dallagolab_h200,dallagolab_h200_r,156.8,9408
dhingralab,dhingralab_h200,dhingralab_h200_r,1008,60480
eclairlab,eclairlab_h200,eclairlab_h200_r,89.6,5376
engelhardlab,engelhardlab_h200,engelhardlab_h200_r,89.6,5376
graneklab,graneklab_h200,graneklab_h200_r,89.6,5376
henaolab,henaolab_h200,henaolab_h200_r,805.6,48336
houlab,houlab_h200,houlab_h200_r,89.6,5376
jilab,jilab_h200,jilab_h200_r,564,33840
kamaleswaranlab,kamaleswaranlab_h200,kamaleswaranlab_h200_r,168,10080
jlynchlab,jlynchlab_h200,jlynchlab_h200_r,168,10080
majoroslab,majoroslab_h200,majoroslab_h200_r,425.6,25536
naderilab,naderilab_h200,naderilab_h200_r,89.6,5376
owzarteam,owzarteam_h200,owzarteam_h200_r,89.6,5376
pagelab,pagelab_h200,pagelab_h200_r,89.6,5376
pfisterlab,pfisterlab_h200,pfisterlab_h200_r,168,10080
randleslab,randleslab_h200,randleslab_h200_r,168,10080
reiter,reiter_h200,reiter_h200_r,168,10080
rescomp,rescomp_h200,rescomp_h200_r,1000,60000
salahshoorlab,salahshoorlab_h200,salahshoorlab_h200_r,168,10080
singhlab,singhlab_h200,singhlab_h200_r,1256,75360
soderlinglab,soderlinglab_h200,soderlinglab_h200_r,67.2,4032
ultrasound,ultrasound_h200,ultrasound_h200_r,168,10080
viplab,viplab_h200,viplab_h200_r,504,30240
wengerlab,wengerlab_h200,wengerlab_h200_r,168,10080
wmglab,wmglab_h200,wmglab_h200_r,168,10080
xielab,xielab_h200,xielab_h200_r,89.6,5376
yaolab,yaolab_h200,yaolab_h200_r,168,10080
ydiaolab,ydiaolab_h200,ydiaolab_h200_r,67.2,4032
