Parent Account,Unrestricted Slurm Account,Restricted Slurm Account,RToolkits Link
allenlab,allenlab_h200,allenlab_h200_r,https://rtoolkits.web.duke.edu/projects/858
azhanglab,azhanglab_h200,azhanglab_h200_r,https://rtoolkits.web.duke.edu/projects/2395
berchuklab,berchuklab_h200,berchuklab_h200_r,https://rtoolkits.web.duke.edu/projects/1346
carlsonlab,carlsonlab_h200,carlsonlab_h200_r,https://rtoolkits.web.duke.edu/projects/379
chenglab,chenglab_h200,chenglab_h200_r,https://rtoolkits.web.duke.edu/projects/1588
chsi,chsi_h200,chsi_h200_r,https://rtoolkits.web.duke.edu/projects/634
dallagolab,dallagolab_h200,dallagolab_h200_r,https://rtoolkits.web.duke.edu/projects/1937
dhingralab,dhingralab_h200,dhingralab_h200_r,https://rtoolkits.web.duke.edu/projects/2369
eclairlab,eclairlab_h200,eclairlab_h200_r,https://rtoolkits.web.duke.edu/projects/2135
engelhardlab,engelhardlab_h200,engelhardlab_h200_r,https://rtoolkits.web.duke.edu/projects/1294
graneklab,graneklab_h200,graneklab_h200_r,https://rtoolkits.web.duke.edu/projects/1063
henaolab,henaolab_h200,henaolab_h200_r,https://rtoolkits.web.duke.edu/projects/1415
houlab,houlab_h200,houlab_h200_r,https://rtoolkits.web.duke.edu/projects/2291
jilab,jilab_h200,jilab_h200_r,https://rtoolkits.web.duke.edu/projects/789
kamaleswaranlab,kamaleswaranlab_h200,kamaleswaranlab_h200_r,https://rtoolkits.web.duke.edu/projects/1303
jlynchlab,jlynchlab_h200,jlynchlab_h200_r,https://rtoolkits.web.duke.edu/projects/1458
majoroslab,majoroslab_h200,majoroslab_h200_r,https://rtoolkits.web.duke.edu/projects/851
naderilab,naderilab_h200,naderilab_h200_r,https://rtoolkits.web.duke.edu/projects/1222
owzarteam,owzarteam_h200,owzarteam_h200_r,https://rtoolkits.web.duke.edu/projects/512
pagelab,pagelab_h200,pagelab_h200_r,https://rtoolkits.web.duke.edu/projects/747
pfisterlab,pfisterlab_h200,pfisterlab_h200_r,https://rtoolkits.web.duke.edu/projects/516
randleslab,randleslab_h200,randleslab_h200_r,https://rtoolkits.web.duke.edu/projects/525
reiter,reiter_h200,reiter_h200_r,https://rtoolkits.web.duke.edu/projects/814
salahshoorlab,salahshoorlab_h200,salahshoorlab_h200_r,https://rtoolkits.web.duke.edu/projects/1291
singhlab,singhlab_h200,singhlab_h200_r,https://rtoolkits.web.duke.edu/projects/1185
soderlinglab,soderlinglab_h200,soderlinglab_h200_r,https://rtoolkits.web.duke.edu/projects/928
ultrasound,ultrasound_h200,ultrasound_h200_r,https://rtoolkits.web.duke.edu/projects/140
viplab,viplab_h200,viplab_h200_r,https://rtoolkits.web.duke.edu/projects/564
wengerlab,wengerlab_h200,wengerlab_h200_r,https://rtoolkits.web.duke.edu/projects/1331
wmglab,wmglab_h200,wmglab_h200_r,https://rtoolkits.web.duke.edu/projects/573
xielab,xielab_h200,xielab_h200_r,https://rtoolkits.web.duke.edu/projects/947
yaolab,yaolab_h200,yaolab_h200_r,https://rtoolkits.web.duke.edu/projects/579
ydiaolab,ydiaolab_h200,ydiaolab_h200_r,https://rtoolkits.web.duke.edu/projects/632
